,Company,Industry,keyword
0,14 West Administrative Services,Business services firm,finance
1,1-800-CONTACTS,Contact lens retail,retail
2,180 by Two,Market analytics,other
3,1904labs,Software services,software
4,2K Games,Video game publishing,video games
5,3M,Conglomerate,other
6,3PL Central LLC,software,software
7,5thColumn,Cybersecurity,other
8,7Eleven,Retail (Convenience stores),retail
9,84.51,Data science consulting,other
10,AARP,Non-profit,other
11,Abacus Group LLC,IT services,other
12,Abarca Health,Healthcare,health
13,AbbVie,Biopharmaceutical,health
14,AB InBev,Brewery,other
15,Abiomed,Medical devices,health
16,Absolute,Cybersecurity,other
17,Accenture,Professional services,other
18,Acho Inc.,Wholesale distribution,other
19,A Cloud Guru,e-learning,other
20,Acorns,Financial services,finance
21,Acrisure LLC,insurance broker,insurance
22,ACS,IT services,other
23,Actian Corp,Hybrid data management,other
24,ActiveCampaign,Email marketing,other
25,ActiveVideo,App based video services,other
26,Activision,Video games,video games
27,Acuity INC,Technology consulting,technology
28,Adaptimmune,Biotech,health
29,Adecco Group Internal,Temporary staffing,other
30,Ad Hoc Team,Technology consulting services,technology
31,Adobe,software,software
32,ADP,software,software
33,Advanced Concepts and Technologies International,Automotive,other
34,Advanced Micro Devices,Semiconductors,other
35,Adventist Health,Healthcare,health
36,Aeronautical Systems,Aerospace and defense,other
37,Aetion,Biopharma,health
38,Aetos Systems,Technology Services,technology
39,Affine Analytics,Analytics Predictive Analytics Big Data Artificial Intelligence Machine learning Data Science Data Engineering,other
40,Afresh,"Aerospace, Defence",other
41,Agari,Cybersecurity,other
42,Age of Learning,Educational services,other
43,Agile Communications,Network solution,other
44,Agile Defense,IT Services,other
45,agilon health,Healthcare IT services,health
46,Agree Technologies and Solutions,IT staffing,other
47,Airbnb,Lodging,other
48,AirDNA,"Software services, analytics",software
49,Airlines Reporting Corporation,Other,other
50,Aisling Cloud Technologies,IT Solution,other
51,Akima,federal facilities management and consulting,other
52,AKRAYA INC.,IT staffing & consulting,other
53,Aktana,Healthcare,health
54,Aktify,AI company,other
55,Akuna Capital,Trading firm,other
56,Alarm.com,IT services,other
57,Albert,Investment management,finance
58,Albertsons,Retail / Grocery,retail
59,AlertMedia,IT SaaS services,other
60,Alethix LLC,IT consulting,other
61,Alignment Healthcare,Healthcare services,health
62,Alion Science and Technology,Other,other
63,Alldus,Data science staffing,other
64,Allen Institute,Other,other
65,Allen Institute for Immunology,Other,other
66,AllianceBernstein,Asset management,other
67,AllianceChicago,Retail,retail
68,alliantgroup,Tax consulting services,other
69,Alloy,Non-profit technology,technology
70,Allstate,Insurance,insurance
71,Allstate Insurance - 1202 Irving,Other,other
72,Alltech Nutrition,Agricultural product,other
73,All Traffic Solutions,Technology,technology
74,Allvue Systems,Investment software,finance
75,Ally Financial,Financial services,finance
76,Altair Engineering,"CAE Software, Product Design and Development Services, Data Analytics, IoT and Grid Computing",software
77,Altair Management Consultants,Other,other
78,Alteryx,Computer software,software
79,Altice USA,TelecommunicationsMass media,other
80,Altway Insurance,Other,other
81,Amazon.com,"eCommerce, Cloud services",retail
82,American Addiction Centers,Healthcare,health
83,American Airlines,Transportation,other
84,American Family Insurance,Insurance and finance,finance
85,American Medical Association,Other,other
86,American Safety Council Inc,"Construction Management, Facility management",other
87,American Specialty Health Incorporated,Healthcare,health
88,AmeriSourceBergen,Pharmaceutical,health
89,Amino,Biotech,health
90,Amobee,Other,other
91,ampliFI Loyalty Solutions,Other,other
92,Amrock,"FinTech, Title insurance, Real Estate Services, Real estate appraisal",insurance
93,AmSurg,Other,other
94,Analog Devices,Semiconductors,other
95,ANALYTICA,Information and Communications TechnologyÂ ,technology
96,Android Industries,Other,other
97,Anitian,Other,other
98,Anne Lewis Strategies,Other,other
99,Anthem,Managed health care,health
100,Apixio,Other,other
101,A Place for Mom,Senior housingElder care,other
102,Apple,Multinational technology company,technology
103,Applecart,Other,other
104,Applied Information Sciences,Other,other
105,Applied Intuition,Other,other
106,Applied Materials Inc.,Semiconductors,other
107,Applied Research Associates,Research & engineering,other
108,Applied Research Solutions,Research & engineering,other
109,Applied Systems,Semiconductors,other
110,April Health,Health Insurance,insurance
111,ArborMetrix,Other,other
112,Arcadia.io,Other,other
113,Arcadis,Engineering,other
114,ArcherDX,Other,other
115,ArdentMC,Other,other
116,Argo AI,Self-driving car,other
117,Argonne National Laboratory,Other,other
118,Arista Networks,Networking hardware,other
119,ARK Solutions,Software,software
120,ARMADAHEALTH,Other,other
121,Armatus Solutions,Other,other
122,Arrayo,Other,other
123,Arrive Logistics,Other,other
124,Arrow Electronics,Electronics,other
125,Ascend Learning,Other,other
126,Ascential,Busines-to-business media services,finance
127,Ascent Services Group,Residential Security Monitoring,other
128,Aspen Capital,Other,other
129,Aspiration Partners,Other,other
130,ASR ANALYTICS LLC,Other,other
131,Assertive Professionals,Other,other
132,Association Analytics Inc,DataCinema,other
133,Assurance,Other,other
134,Assurant,Insurance,insurance
135,Astor & Sanders Corp,Other,other
136,Asurion,Information technology,technology
137,athenahealth,Healthcare Technology,health
138,Athene,Other,other
139,Atlantic Digital,Other,other
140,Atlassian,Software,software
141,Atomic Data,Other,other
142,Attentive Mobile,Other,other
143,Aurotech,Other,other
144,Authentic,Brand managementTalent managementRetailPublishing,retail
145,Authority Brands,Retail,retail
146,Autodesk,"Software,Media & Entertainment,Manufacturing & Industrialbioscience",software
147,Autoweb Inc,Automotive marketing services,other
148,Avalara,Other,other
149,Avani Systems,Other,other
150,Axle Informatics,Other,other
151,Axon Vibe,Other,other
152,Axos Bank,Banking,finance
153,AXS Group,Entertainment,other
154,Azad,Manufacturing,other
155,Azara Healthcare,Healthcare data analytics,health
156,B12,Other,other
157,Babylon Health,Health care,health
158,Backblaze,Computer storage,other
159,BacklotCars,Other,other
160,BAE Systems,"Aerospace, Arms industry, Information security",other
161,Baker Hughes,Hydrocarbon exploration,other
162,Baker Tilly US,Professional services,other
163,Balfour Beatty,Multinational construction infrastructure group,other
164,Ball Corporation,"Packaging, aerospace",other
165,BambooHR,technology companysoftware,software
166,Bancorp Bank,"Banking, Financial services",finance
167,Bandwidth,Other,other
168,BankMobile,Other,other
169,Bank of America,Investment bankingfinancial services,finance
170,Barbaricum,Other,other
171,Barone Consulting,Other,other
172,Basepaws,Other,other
173,Bayer,Life sciencesPharmaceuticalsChemicals,health
174,BazaarVoice,Software,software
175,BCC Software,Other,other
176,BDS Analytics,Other,other
177,Beacon Street Services,Other,other
178,Benchling,Other,other
179,BenchPrep,Education,other
180,Benefits Data Trust,Other,other
181,Berkadia,Conglomerate,other
182,Bertelsmann,Mass media,other
183,Bertrandt,Other,other
184,Best Buy,Retail,retail
185,Bestow,Other,other
186,Better Mortgage Corporation,Online mortgage services,finance
187,BetterUp,Transport,other
188,Beyond Finance,Food,other
189,Beyond Limits,Other,other
190,Beyondsoft Consulting,Other,other
191,BigCommerce,eCommerce,retail
192,Big Fish Games,Video games,video games
193,Billings Clinic,Other,other
194,BioClinica,Other,other
195,BioTechne,Other,other
196,Bitfocus,Other,other
197,Black Knight,Other,other
198,BlackLine,Software,software
199,Blackstone Group,Financial services,finance
200,Blend Labs,Other,other
201,Blink Health,"E-commerce, prescription drugs",retail
202,Blizzard,Video games,video games
203,BlockFi,Other,other
204,Bloomberg,"Financial, software, data, and media industry",finance
205,BlueCat Networks,Other,other
206,Blue Cross and Blue Shield of Kansas City,Other,other
207,Blue Cross and Blue Shield of Minnesota,Other,other
208,Blue Cross Blue Shield of Louisiana,Other,other
209,Blue Nile,Retail,retail
210,Blue Owl,Other,other
211,Blueprint Technologies,Other,other
212,Blue State,Managed health care,health
213,Bluestem Brands,"Mail order, online shopping",other
214,BlueVoyant,Other,other
215,BNY Mellon,BankingFinancial services,finance
216,Boeing,AerospaceDefense,other
217,Boeing Intelligence & Analytics,AerospaceDefense,other
218,Bombardier,AerospaceRail,other
219,Bombora,Other,other
220,Booz Allen Hamilton,Management consultingInformation technology consulting,technology
221,Bosch Group,"Multinational engineering, tech industry",technology
222,Boston Children's Hospital,Other,other
223,Boston Scientific Corporation,Medical device,health
224,Botkeeper Inc,Software as a service,software
225,Bounce Exchange,Entertainment,other
226,Brain Corporation,Other,other
227,BrainStorm,Other,other
228,Braintree,Payment service provider,other
229,Branch,Other,other
230,Bravado Health,Other,other
231,Braze,Other,other
232,Brazoria County,Other,other
233,Breakthrough,Other,other
234,Bremer Bank,Other,other
235,Brex,Specialty finance,finance
236,BrickRed,Other,other
237,Bridg,Other,other
238,Bridges Consulting,Other,other
239,Bridgewater Associates,Hedge fund,other
240,Bright Health,Health insurance,insurance
241,Brighthouse Financial,Insurance,insurance
242,Brightloom,Computer software,software
243,BristolMyers Squibb,Pharmaceuticals,health
244,British American Tobacco,Tobacco,other
245,BRMi,Other,other
246,Broadcom,Semiconductors,other
247,Broad Institute,Other,other
248,Broadridge,Financial technology,finance
249,Bross Group,Other,other
250,Brown University,Other,other
251,BTI360,Other,other
252,Burns & McDonnell,Other,other
253,Burrow,Other,other
254,Burstorm,Other,other
255,Bushel,Other,other
256,Business Transformation Institute,Other,other
257,ButcherBox,Other,other
258,B.well Connected Health,Other,other
259,Cabot Microelectronics,Semiconductor tools industry,other
260,CACI,Information technology,technology
261,CADENT,TV brand advertising,other
262,Cambridge Mobile Telematics,Financial Data Services,finance
263,Campfire,Other,other
264,Candid,Dental services,other
265,Candid.,Dental services,other
266,Capgemini,"IT services, IT consulting",other
267,Capital Associated Industries,Financial services,finance
268,Capital Group Companies,Financial services,finance
269,Capital One,Financial services,finance
270,CapTech Consulting,Other,other
271,Cardlytics,Management,other
272,Cardtronics,Other,other
273,CareCentrix,Health care,health
274,CareFirst BlueCross BlueShield,Other,other
275,CarePort,Consumer goods,other
276,CarGurus,InternetAutomotive,other
277,Caris Life Sciences,Other,other
278,Carta,Software,software
279,Casebook,Other,other
280,CAS Group  Convergence Acceleration Solutions,Other,other
281,Cash App,Other,other
282,Casper,Mattresses,other
283,Catalina Marketing,Other,other
284,Catalytic Data Science,Other,other
285,CATCH Intelligence,Other,other
286,Catholic Health Services of Long Island,Other,other
287,Cavulus,Other,other
288,CCC Information Services Inc.,Conglomerate,other
289,CDK Global,Business services,finance
290,CDW,Other,other
291,Cecelia Health,Other,other
292,Cedar Inc,Other,other
293,CEDENT,Other,other
294,Celestar Corporation,Other,other
295,Celonis,Other,other
296,Centerfield,Other,other
297,Center for Court Innovation,Non-profit,other
298,Centime,Other,other
299,Centriam,Other,other
300,Cerebro Capital,Other,other
301,Cervello Inc,Bicycles,other
302,CGG,Oil services,other
303,CGI,"IT services, IT consulting",other
304,CGI Group,"IT services, IT consulting",other
305,Chainalysis,Other,other
306,Change Healthcare,Healthcare,health
307,Chan Zuckerberg Initiative,Other,other
308,Charles Schwab,Financial services,finance
309,Charlie's Produce,Other,other
310,CheckedUp,Other,other
311,Chef Software,Other,other
312,Chenega Corporation,Other,other
313,ChickfilA,Restaurants,other
314,Children's Hospital of Philadelphia,Other,other
315,Children's Mercy,Other,other
316,Chipotle Mexican Grill,Fast Casual,other
317,Cimpress/Vistaprint,E-commerce,retail
318,CipherLogix,Other,other
319,CircleUp,Financial Technology,finance
320,CirrusMD,Other,other
321,Cisco Meraki,"Networking, IT",other
322,Cision,Technology,technology
323,CITADEL ENTERPRISE EUROPE LIMITED,Radio Broadcasting,other
324,Citi,Other,other
325,CitiusTech,Healthcare technology services,health
326,Citizens Bank,Banking,finance
327,Citrix Systems,"Application Delivery Industry, Virtualization software (DaaS), SaaS, cloud, and networking",software
328,City Of Hope,Other,other
329,Civis Analytics,data scienceÂ ,other
330,Clarabridge,Other,other
331,Clara Consulting,Other,other
332,Claremont Mckenna College,Other,other
333,Clarify Health Solutions.,Other,other
334,CLEAR - Corporate,Other,other
335,Clear Street,Investment market infrastructure,finance
336,Clever,Other,other
337,Clicktripz,"Software, Travel, Internet",software
338,ClientSolv Technologies,Other,other
339,Clifton Roland Watkins Innovations LLC,Other,other
340,Clinicient,Other,other
341,Cloud Agronomics,Conglomerate,other
342,Cloudbakers LLC,Other,other
343,Cloudbeds,Other,other
344,CLOUDCHECKR INC,Other,other
345,Cloudera,Software Development,software
346,CloudFlare,Internet,other
347,Cloud Imperium Games,Other,other
348,CloudKnox Security,Other,other
349,Cloudreach,Professional services,other
350,Clumio,Other,other
351,CMSPI,Other,other
352,CNH Industrial,Heavy equipment,other
353,Coalition,Video games,video games
354,Cobham,"Aerospace, defence",other
355,Coca Cola Bottling Co. Consolidated,Food processing,other
356,Coda,Software,software
357,Codecademy,Internet,other
358,Cofense Inc.,Other,other
359,Cogensia,Other,other
360,Cognia,"Regulatory compliance, Unified communications",other
361,Cognizance Technologies,Other,other
362,Cognus Systems,Other,other
363,ColgatePalmolive,Other,other
364,Colsh Consultants,Other,other
365,Comcast,mass media,other
366,CommonBond,Financial Services,finance
367,CommonStock,Other,other
368,Commonwealth Equity Services,Banking and financial services,finance
369,Commonwealth of Massachusetts,Other,other
370,Comniscient Technologies LLC,Other,other
371,Compass,Real estate,other
372,Compass Group USA,Foodservice,other
373,Comprehensive Logistics Co. LLC,Automotive,other
374,Comprehensive Pharmacy Services,Retail,retail
375,ConcertAI,Other,other
376,Concurrent Technologies Corporation,Medtech,technology
377,Conde Nast,Other,other
378,Conductor,Digital marketing,other
379,Conduent,Business process services,finance
380,Confluent,Other,other
381,Conlogy,Other,other
382,Connect Talent Solutions,Software,software
383,Constellation Brands,Beverages,other
384,Consumer Reports,Non-profit,other
385,Contrast Security,Other,other
386,Convr,Other,other
387,CooTek,Other,other
388,CoreLogic,Financial services,finance
389,CORE Software,Other,other
390,Corning,Other,other
391,Corporate Pharmacy Services,Healthcare pharmacy benefits manager,health
392,Co-Star,Computer hardwareElectronics,other
393,CoStar Group,"Technology, Commercial property",technology
394,Cota,Other,other
395,Cotiviti,Other,other
396,Cottonwood Financial,InvestmentsConglomerate,finance
397,Couchbase,Other,other
398,Country Financial,Insurance and financial services,finance
399,Coupang,Other,other
400,Coursera,Internet,other
401,Covera Health,Other,other
402,COVETRUS INC,Other,other
403,Cox Corporate Services,Automotive ServicesCommunicationsMedia,other
404,CradlePoint,Other,other
405,Crate and Barrel,Retail,retail
406,Creative Visions,Other,other
407,Credence Management Solutions,Oilfield services & equipment,other
408,Credible,Other,other
409,Credit Suisse,Financial services,finance
410,Creospan Inc.,Other,other
411,Cresco Labs,"Cannabis industry, medical marijuana",health
412,Crico,Other,other
413,Crowdskout,Other,other
414,Crowe,Professional services,other
415,Crown Castle,Wireless communication services,other
416,Crown Media Family Networks,Other,other
417,Crunchy Data Solutions,Transportation,other
418,CSAA Insurance Group,Other,other
419,CSC (Corporation Service Company),"Registered Agent, Corporate Governance, Corporate Compliance, Domain Name and Intellectual Property Management",other
420,C Space,Aerospace,other
421,CSSDynamac,Other,other
422,Cubic Corporation,Public transport and defense,other
423,CUNA Mutual Group,Insurance and Finance,finance
424,Curology,Other,other
425,Current Job Openings at Vouch Insurance,Other,other
426,Cvent,"Software for events, conferences, and meetings",software
427,CVS Health,Healthcare,health
428,CyberCore Technologies,Other,other
429,DarkOwl,Other,other
430,Databento,Other,other
431,Databricks,Computer software,software
432,Datadog,System Monitoring,other
433,DataKare Solutions,Other,other
434,Datalere,Other,other
435,DataSync Technologies,Other,other
436,data.world,Cloud native data catalogue,other
437,Datto Inc.,Other,other
438,Datto Jobs,Data protection,other
439,Daxko,Other,other
440,Dealer Inspire,Independent Tire Retailer,retail
441,DealerSocket,Other,other
442,Decentrix,Other,other
443,Decision Point Healthcare,Other,other
444,decormatters,Other,other
445,Definitive Healthcare,Healthcare data analytics platform provider,health
446,DEKA Research & Development,Other,other
447,Dell,Multinational computer technology company,technology
448,Deloitte,Professional services,other
449,Deltek,Other,other
450,Denken Solutions Inc,Other,other
451,Descartes Labs,Other,other
452,Dev Technology,Other,other
453,Dexcom,Other,other
454,Diamond Generating Corporation,Other,other
455,Digital Air Strike,Other,other
456,Digital Alloys,Other,other
457,Digital Assets Data,Other,other
458,DigitalOcean,"Internet, cloud computing",other
459,Digital Trends,Other,other
460,Dine Brands,Restaurants,other
461,DirectViz Solutions,Other,other
462,DISCOUNT TIRE,Independent Tire Retailer,retail
463,Discover Financial Services,Financial services,finance
464,Discovery Communications,Mass media,other
465,DISH,Telecommunications,other
466,Disher,Other,other
467,DISH Network,Telecommunications,other
468,Disney,mass media entertainment,other
469,DispatchHealth,Pharmaceuticals,health
470,DISQO,Other,other
471,DMGT,Other,other
472,Doctors Without Borders,Other,other
473,DocuSign,Other,other
474,Dolls Kill,"Retail, apparel, e-commerce",retail
475,Donuts Inc.,Internet,other
476,Double Line,Other,other
477,DoubleVerify,Other,other
478,Dova Pharmaceuticals,Other,other
479,Dovel Technologies,Other,other
480,Dover Corporation,Conglomerate,other
481,Doxel,Other,other
482,Doximity,Internet,other
483,doxo,Other,other
484,DPR Construction,Other,other
485,DraftKings,Daily fantasy sportsSports betting,other
486,DRW Trading Group,Other,other
487,DTCC,Finance,finance
488,Dtex Systems,Other,other
489,Duck Creek Technologies,Computer software,software
490,Duetto Research,Other,other
491,Dun & Bradstreet,Commercial & professional services,other
492,E2 Consulting Engineers,Conglomerate,other
493,E3 Federal Solutions,Business Services,finance
494,Eagle Investment Systems LLC,Insurance,insurance
495,Earnest,Other,other
496,Earnest Research,Aerospace and defense(Defense and Communications Electronics),other
497,East Daley Capital Advisors,Other,other
498,Eaton,Retail (Department store),retail
499,eBay Inc.,E-commerce,retail
500,eClinical Solutions,Other,other
501,Ecolab,"Chemicals, Service, Water Management, Food Safety, Infection Prevention",other
502,ECS Federal LLC,Other,other
503,Edelman Financial Engines,Other,other
504,Edgesource Corporation,Other,other
505,Editas Medicine,Pharmaceutical company,health
506,Edmunds.com,Automotive information services,other
507,edo,Other,other
508,Edward Jones,Investment services,finance
509,Edwards Lifesciences,Medical technology,health
510,effectual,Other,other
511,Egnyte,Technology,technology
512,eHealth,Healthcare technology,health
513,EITR Technologies,Other,other
514,Elastic,Enterprise searchOpen Source softwareLogging and data analysisData visualizationAPMSecurity analyticsInfrastructure monitoring,software
515,Elation Health,Other,other
516,Elder Research Inc,Other,other
517,Elementary Robotics,Other,other
518,Elevations Credit Union,Other,other
519,Elkay,Other,other
520,eLogic LLC,Other,other
521,ELT Solutions,Other,other
522,Emergere Technologies,Other,other
523,EMIDS,Other,other
524,EMINENT,Other,other
525,Emotibot Technologies Limited,Other,other
526,empirical path,Other,other
527,Emsi,Other,other
528,Enchanted Rock Management LLC,Other,other
529,Endpoint Closing,Other,other
530,Enquero Inc,Other,other
531,Enquizit Inc,Other,other
532,Entera,Other,other
533,Entercom Communications Corp.,Broadcasting,other
534,Enverus,Other,other
535,Envestnet Asset Management,Financial services,finance
536,Environmental Investigation Agency,Other,other
537,EPAM Systems,Software engineering,software
538,Epic Games,Video games,video games
539,Epiq Systems,Other,other
540,Epsilon,Loyalty marketing services,other
541,EQRX,Other,other
542,Equifax,Credit risk assessment,other
543,Equinix,Internet,other
544,Ergo,Insurance,insurance
545,ESL Federal Credit Union,Financial services,finance
546,Ethos,Other,other
547,E*TRADE,Financial services,finance
548,Etsy,Other,other
549,Eureka Infotech,Other,other
550,Evaya Data Systems,Other,other
551,Evercommerce,Software,software
552,EverlyWell,Investment Banking,finance
553,Everytown for Gun Safety,Other,other
554,Exabeam,Other,other
555,Exact Sciences Corporation,Molecular diagnostics,other
556,Exeter Finance LLC,public utility,other
557,EXL Service,Other,other
558,Expedia,Other,other
559,Experian,Business services,finance
560,eXp Realty,Brokerage services,other
561,EY,Professional services,other
562,f5,Technology,technology
563,FabFitFun,Other,other
564,FactSet Research Systems,Financial servicesTechnology,finance
565,FairWarning,Other,other
566,Falconwood,Other,other
567,Fanatics Inc.,Textile Ecommerce,retail
568,FanDuel,Other,other
569,Fannie Mae,Mortgage,finance
570,FanThreeSixty,Other,other
571,Fastly,Internet,other
572,Fathom Health,Other,other
573,Favor,Other,other
574,FAY SERVICING,Other,other
575,Fearless,Other,other
576,Federal Reserve Bank of Chicago,Federal bank,finance
577,Federal Reserve Bank of Dallas,Other,other
578,Fender,Musical instruments,other
579,Fern,Other,other
580,FICO,Computer,other
581,Fidelity Investments,Financial services,finance
582,Fidelity TalentSource,Other,other
583,Filevine,Other,other
584,Fineos Corporation,Software,software
585,Firebird AST,Other,other
586,FireEye,Computer security,other
587,First American,Financial services,finance
588,First Command Financial Services,Financial Planning,finance
589,First Republic Bank,BankingFinancial servicesInvestment services,finance
590,First Stop Health,Retail,retail
591,FiscalNote,"Software as a service, information services, technology",software
592,Fiserv,Other,other
593,FIS Global,Financial Sector,finance
594,Fisher Investments,Financial,finance
595,Flatiron Health,Conglomerate,other
596,FlightSafety International,Conglomerate,other
597,Flipside Crypto,Other,other
598,Fluid Truck Share,Other,other
599,FMC Corporation,Chemicals,other
600,FocusKPI Inc.,Other,other
601,Foot Locker,Sportswear and footwear retailer,retail
602,Forcepoint,cyber security,other
603,ForgeRock,Enterprise software,software
604,Foundation Medicine,Other,other
605,foursquare,Location technologyAdvertising technologyApp developer tools,technology
606,Fox Corporation,Mass media,other
607,Fractal.ai,Other,other
608,Framework Homeownership,Other,other
609,Freddie Mac,Public government sponsored enterprise,other
610,Freedom Consulting Group,Management consulting,other
611,Fresenius Kabi,Health care,health
612,Frontend Arts,Other,other
613,Frontier Communications,Telecommunications,other
614,F. Schumacher & Co.,Interior design,other
615,FullContact,Software,software
616,Full Harvest,Film production,other
617,Fusion Risk Management,Financial services,finance
618,Fusion Technical Solutions,Other,other
619,Futurex,Data security,other
620,Futurisoft,Other,other
621,FYI-For Your Information,Other,other
622,GalaxE.Solutions,IT services,other
623,Game Machine Studios,Other,other
624,Gartner,Research & Advisory Services,other
625,Gearbox Software,Video games,video games
626,GEICO,Insurance,insurance
627,GeistM,Other,other
628,General Dynamics Information Technology,AerospaceDefenseShipbuilding,other
629,General Mills,Food processing,other
630,General Mills Services,Food processing,other
631,General Motors,Automotive,other
632,GENESYS,Customer experience,other
633,Genex Systems,Other,other
634,Genworth,Financial services,finance
635,Georgia Tech Research Institute,Other,other
636,gettacar,Other,other
637,Getty Images,"Publishing, media, web design",other
638,Gigamon,"Computer networking, Computer security",other
639,Gimbal,Other,other
640,Ginger,Other,other
641,Ginkgo Bioworks,Biotechnology,health
642,Glance Networks Inc,Business software,finance
643,GlassDoor.com,Internet,other
644,GlaxoSmithKline,Pharmaceutial,health
645,GliaCell Technologies,Other,other
646,Global Atlantic Financial Group Opportunities,Financial services Banking,finance
647,Globant,Software Product Development,software
648,Glossier,Other,other
649,Glow Networks,Other,other
650,Glu Mobile,Video games,video games
651,GM Financial,Financial services,finance
652,GoDaddy,"Domain Registrar, Web hosting, SSL Certificates, small businesses",finance
653,GoFundMe,Other,other
654,GoGuardian,Education Technology,technology
655,Golden Hippo,Other,other
656,Goldman Sachs,Financial services,finance
657,Good Eggs,Poultry,other
658,Google,InternetCloud computingComputer softwareComputer hardwareArtificial intelligenceAdvertising,software
659,goPuff,Retail,retail
660,Govini,Other,other
661,Govplace,Other,other
662,Gradient AI,Other,other
663,Grail Insights,Other,other
664,Grand Rounds,Healthcare clinical navigation,health
665,Great Jones,Other,other
666,GreatSchools,Other,other
667,Green Dot Corporation,Financial services,finance
668,Green Street Advisors,Other,other
669,Green Thumb Industries,Hardware stores,other
670,Greenway Health,Health information technology,health
671,Grid Dynamics,Other,other
672,Grindr,MediaCommunications,other
673,Groundspeed,Other,other
674,Group O,Transport,other
675,Groupon,Electronic commerce,retail
676,Grubhub Holdings,Online platform for restaurant pick-up and delivery,other
677,Guidehouse,Professional services,other
678,GuideWell Connect,Insurance and Healthcare Solutions,insurance
679,Guidewire Software,P&C Insurance Software,software
680,Guru,Other,other
681,GVW Group,Commercial vehicles,other
682,H2B Consulting,Consulting services,other
683,H2 Performance Consulting,Management consulting,other
684,Hager Environmental and Atmospheric Technologies (HEAT),Other,other
685,Hagerty,Insurance,insurance
686,Hagerty Consulting Inc,Other,other
687,Halfaker and Associates,Other,other
688,Handshake,Other,other
689,Hasbro Inc.,Entertainment,other
690,Headspace,Healthcare,health
691,Heal,Other,other
692,HealthCare Partners,Managed Health Care,health
693,Health Credit Services,Business services,finance
694,Healthfirst,Other,other
695,HealthGrades,Health care,health
696,HealthHelp,Health Insurance,insurance
697,Healthix,Other,other
698,HEB,Retail grocer,retail
699,Helen of Troy,Other,other
700,HelioCampus,Data analytics platform,other
701,HERE Technologies,Mapping dataGPS navigation software,software
702,HighbrowTech,Other,other
703,Highmark Health,"Healthcare, Insurance",insurance
704,Hill Associates,IT consulting,other
705,Hilltop Holdings,Insurance,insurance
706,hims & hers,Other,other
707,HIMSS,Other,other
708,Hinge Health,Other,other
709,Hitachi Vantara,Computer data storage systemsData storage softwareComputer systemsComputer hardwareComputer softwareIT consultingIT services,software
710,HiTech Bangla,Other,other
711,HitPath,Other,other
712,Hive,Other,other
713,H. Lee Moffitt Cancer Center,Other,other
714,HMS,Conglomerate,other
715,Hollister Staffing,Retail,retail
716,Home Instead,Other,other
717,Home Partners of America Inc,Other,other
718,Homie,Other,other
719,Honeywell,Conglomerate,other
720,HonuServices,Other,other
721,Horizon Pharma,Pharmaceutical,health
722,Horizontal,Other,other
723,Hospital IQ,Other,other
724,Hotel Engine,"Travel, Hotel, Information technology, Marketing",technology
725,HouseCall Pro,Other,other
726,Houzz,Remodeling  Interior design,other
727,H&R Block,Other,other
728,HRT SOLUTIONS,Other,other
729,HSTechnologies,Other,other
730,HubSpot,Software,software
731,Hudson's Bay,Retail,retail
732,Hulu,Other,other
733,Humana,Managed health care,health
734,Huntington Bank,Banking,finance
735,Huntington Ingalls Industries Inc.,"Defense, Shipbuilding, Government Services, Oil & Gas",other
736,Hyatt,Hospitality,other
737,Hypercube,Other,other
738,Hyperloop Transportation Technologies,High-speed transportCrowdsourcing,other
739,Hy-Vee,Retail (grocery),retail
740,IAMUS Consulting,Other,other
741,IBI Group,Professional servicesArchitecture designLandscape architectureEngineeringCivil engineering,other
742,IBM,Cloud computingArtificial intelligenceComputer hardwareComputer software,software
743,Ibotta,"Technology, coupons, mobile applications",technology
744,ICF,Professional services,other
745,Icon Fitness,Other,other
746,Idelic,Other,other
747,Identity Automation,Other,other
748,ID.me,Other,other
749,IEM,Other,other
750,iHeartMedia,mass media,other
751,IHS,Information services,other
752,iknowvate technologies,Other,other
753,Illumina,Biotechnology,health
754,IMC Financial Markets,Financial services,finance
755,Imperial PFS,Commercial insurance,insurance
756,Impetus Technologies,Aerospace and defense,other
757,Imply,Computer software,software
758,INADEV,Other,other
759,Indigo,Other,other
760,Infinitive Inc,Other,other
761,Infoblox,Computer networking,other
762,Infogain,IT servicesIT Consulting,other
763,InfoQuest Consulting Group Inc.,IT consulting,other
764,Infosys,"IT services, IT consulting",other
765,Infotree Service Inc,Other,other
766,InfoTrust,Other,other
767,Ingram Content Group,Other,other
768,Initiate Government Solutions,Other,other
769,Inmar,Other,other
770,Innovative Defense Technologies (IDT),Telecommunications,other
771,INNOVIM,Other,other
772,Inovalon,Technology,technology
773,Inpixon,Other,other
774,INRIX,"Analytics, automotive, mobility and transportation",other
775,Insight Enterprises,IT Solutions[buzzword]Business to BusinessCommercial & Public SectorIT Solutions[buzzword] Provider,finance
776,InspiHER Tech,Other,other
777,Inspire11,Other,other
778,Inspire Brands,Other,other
779,Instacart,Retail,retail
780,Insygnum,Other,other
781,IntApp,Other,other
782,InTec,Firearms,other
783,Integral Ad Science,Ad technology,technology
784,Integrated Computer Solutions,Computer software,software
785,Integrated Computer Solutions Inc,Computer software,software
786,Integrated Intel Solutions,Semiconductors,other
787,Integrated Technology Strategies,Other,other
788,Intel,Semiconductors,other
789,IntelePeer Cloud Communications LLC,Other,other
790,Intelligent Automation,Other,other
791,Intelligent Waves Llc,Enterprise software,software
792,Intercontinental Exchange,Business servicesFinancial servicesFinancial MarketsTechnology,finance
793,Interior Logic Group,Other,other
794,Internet Truckstop LLC,Other,other
795,Interos,Other,other
796,InterWorks,Other,other
797,INTL FCStone,Financial services,finance
798,Intuit,Enterprise software,software
799,Intuitive Surgical,Medical Appliances & Equipment,health
800,Invaio Sciences,Other,other
801,inventium.io LLC,Other,other
802,Invesco,Financial services,finance
803,InVitae,Other,other
804,Invitation Homes,Real estate investment trust,finance
805,iOffice,Other,other
806,ION,Video games,video games
807,Ipreo,Other,other
808,Ipsos North America,Market research Public opinion research,other
809,IQVIA,Contract Research OrganizationPharmaceutical Service Consulting,health
810,IronNet Cybersecurity,Other,other
811,ISO,Other,other
812,ISYS Technologies,Other,other
813,iVision,Other,other
814,IVYSYS TECHNOLOGIES LLC,Other,other
815,Jacobs,EngineeringArchitectConstruction,other
816,Jacobs Levy Equity Management,Other,other
817,Jane.com,Other,other
818,JANUS Research Group,Other,other
819,JB HUNT,Other,other
820,JDA Software,"Supply chain management, manufacturing planning, retail planning and operations",retail
821,JD.com,"Internet, Online retailing",retail
822,Jobvite,Software,software
823,Johns Hopkins Health System,Other,other
824,Jostens,Other,other
825,J. Paul Getty Trust,Other,other
826,JPMorgan Chase,BankingFinancial services,finance
827,Jump Trading,Other,other
828,Kar Global,Other,other
829,KARL STORZ,Other,other
830,KeHE Distributors,Other,other
831,Keller Williams,Real estate,other
832,Kelmar Associates,Other,other
833,Ken Garff Automotive Group,Other,other
834,Kensho,Other,other
835,King.com,Video games,video games
836,King County,Other,other
837,Kingfisher Systems,Retail,retail
838,Kinsale Management Inc,Other,other
839,Kinship,Other,other
840,Kitcheck,Other,other
841,Kitu Systems,Other,other
842,Kiva.org,Other,other
843,Klanik,Other,other
844,KLATencor,Other,other
845,KnowBe4,Other,other
846,Koch,Conglomerate,other
847,Koddi,Other,other
848,Kognetics,Other,other
849,Kohl's,Retail,retail
850,Komodo Health,Other,other
851,Korber,Mechanical Engineering,other
852,KORE Software,Other,other
853,KORTX,Other,other
854,KPMG,Professional services,other
855,Kraft Heinz Company,Food processing,other
856,Kraken,Other,other
857,K-State,Education,other
858,L3Harris,Aerospace and defense,other
859,Labelbox,Other,other
860,Lacuna Technologies,Other,other
861,Lamb Weston,Food processing,other
862,Las Vegas Sands Corp.,"Hospitality, Tourism",other
863,Lawrence Berkeley National Laboratory,Other,other
864,Lazarus Naturals,Other,other
865,L Brands,Retailing,retail
866,LCC,Other,other
867,Learning Care Group,Child care,other
868,Lee Company,Other,other
869,LegitScript,Other,other
870,Leidos,"National security, defense, healthcare, engineering",health
871,LendingPoint Consolidated Inc,Other,other
872,LendingTree,Other,other
873,Liftoff,Tires,other
874,Lightkeeper,Other,other
875,Lincoln Financial Group,"Insurance, Asset management",insurance
876,Lineage Logistics,Warehousing and supply chain logistics,other
877,Lionbridge Technologies,Language localization Software testingE-learning,software
878,Lithia Motors,auto retailing,retail
879,LIVE OBJECTS,Business AI optimization,finance
880,LivePerson,Internet Computer software,software
881,LMR Staffing,Other,other
882,loanDepot,Mortgage lending,finance
883,Lockheed Martin Corporation,Advanced TechnologiesInformation SecurityAerospaceDefense,technology
884,Logic20/20,Other,other
885,Logisticare,Other,other
886,Logistics Management Institute,Management consulting services,other
887,LogMeIn,Computer software,software
888,LogRocket,Other,other
889,Lokavant,Pharmaceuticals,health
890,Loom,Other,other
891,Lotame,Other,other
892,Lowe's,Retail,retail
893,LPL Financial,Financial services,finance
894,LS Direct Marketing,Other,other
895,LT Technology Services,"Engineering, Technology",technology
896,Lubrizol,Chemicals,other
897,Lucid Motors,Automobiles,other
898,Lumeris,Other,other
899,Lutron Electronics,Other,other
900,LyondellBasell Industries,Chemicals,other
901,Lyons Hathaway,Other,other
902,Lytx,"Video telematics, Fleet management, Fleet safety, Fleet video recorder, Driver safety programs, Fuel management, Vehicle tracking, vehicle telematics, dashcam",other
903,Macy's,Retail,retail
904,Magenic,Other,other
905,ManagedWay Company,"International trade, drug trafficking (mainly opium)[1]",other
906,Manhattan Associates,Other,other
907,ManTech International Corporation,"National Security, Defense, Professional Services",other
908,MANTICORE GAMES,Other,other
909,Manulife,Financial services (insurance),finance
910,Markel Corporation,Insurance,insurance
911,Marsh & McLennan Companies,Insurance brokersProfessional services,insurance
912,Martin's Point Health Care,Other,other
913,Mary Free Bed Rehabilitation Hospital,healthcare,health
914,Maryland Courts,Other,other
915,Masimo,Medical TechnologyMedical DevicesMedical Equipment,health
916,MassMutual,Financial services,finance
917,MasterControl,Other,other
918,Mastery Logistics Systems,Other,other
919,Match Group,Online dating service,other
920,Mathematica Policy Research,Other,other
921,Mather Economics,Other,other
922,Matrix Medical Network,Other,other
923,Maven Wave Partners,Other,other
924,Maxar Technologies,"Information technology services, Engineering services, Communications satellite",technology
925,MAXIMUS,Other,other
926,May Mobility,Other,other
927,McKesson,Healthcare,health
928,McKinsey & Company,Management consulting,other
929,Medalogix,Other,other
930,MediaMath,Mathematical computing software,software
931,Mediaocean,"Advertising, information technology",technology
932,Medidata Solutions,Clinical development technology  Computer software  Software as a service  Healthcare equipment,software
933,Medium,Other,other
934,Medtronic,Medical equipment,health
935,Memorial Sloan-Kettering Cancer Center,Other,other
936,Mercato,Other,other
937,Merck,Pharmaceuticals,health
938,Merck KGaA,Chemicalspharmaceuticals,health
939,Meredith Corporation,Mass media,other
940,Mesh7,Other,other
941,METIS Solutions,Other,other
942,Metis Technology Solutions Inc,Aerospace,other
943,MetiStream,Other,other
944,MHI,EngineeringElectrical equipmentElectronicsAerospace Defense,other
945,Micro Focus,Information technology,technology
946,Micron,Semiconductors,other
947,Microsoft,Software developmentComputer hardwareConsumer electronicsSocial networking serviceCloud computingVideo gamesInternetCorporate venture capital,software
948,Milliman,ActuarialManagement consultingInsuranceHuman ResourcesProfessional ServicesEmployee Benefits,insurance
949,Miltenyi Biotec,Biotechnology,health
950,Milwaukee Electric Tool Corporation,Manufacturing,other
951,Mindstrong,Other,other
952,Mirantis,Cloud computing,other
953,Mission Intel,Semiconductors,other
954,Mitchell International,Software,software
955,Mixpanel,Other,other
956,MKS2 Technologies,Other,other
957,Moody's Corporation,Business and financial services,finance
958,Moogsoft,Conglomerate,other
959,Morgan Stanley,Financial services,finance
960,Morningstar,Other,other
961,Moser Consulting,Other,other
962,Motional,Other,other
963,Mount Sinai Health System,Other,other
964,Moveworks.ai,Other,other
965,mPulse Mobile,Other,other
966,MSCI Inc.,Other,other
967,MUFG,Other,other
968,Murata Manufacturing Co.,Electronic components,other
969,MVM,Entertainment,other
970,Myriad Genetics Inc.,HealthcareMolecular DiagnosticsBiotechnologyPersonalized Medicine,health
971,Mythic-AI,Other,other
972,MythicAI,Other,other
973,Naka Technologies,Conglomerate,other
974,NantHealth,Healthcare,health
975,Narvar,Other,other
976,Nasdaq,Other,other
977,Nasuni,Cloud Storage,other
978,National Audubon Society,Other,other
979,National Grid,"Multinational gas,electric utility services",other
980,National Instruments,Test equipment and software product,software
981,National Research Center for College & University Admissions,Other,other
982,National Student Clearinghouse,Other,other
983,Nationwide Mutual Insurance Company,Financial services,finance
984,Nauto,Other,other
985,Naval Nuclear Laboratory,Other,other
986,naviHealth,Other,other
987,Navy Federal Credit Union,Financial services,finance
988,NBCUniversal,Mass mediaEntertainment,other
989,NBKC BANK,Other,other
990,NCR,Information Technology,technology
991,NCsoft,Video games,video games
992,Neighborhood Health Plan of RI,Other,other
993,Neighborly,"Public infrastructure, impact investing",other
994,Nelson Interactive,Video games,video games
995,Nerdwallet,"Personal finance, Fintech",finance
996,NetApp,Cloud ComputingStorage Device,other
997,Net ESolutions Corporation,Telecommunications,other
998,Netflix,"Tech & Entertainment , mass media",technology
999,Netrix LLC,Other,other
1000,Netsmart Technologies,"Health information technology, behavioral health",health
1001,New Relic,Application performance management,other
1002,NewWave HQ,Other,other
1003,New York Life Insurance Company,Insurance: life and annuity,insurance
1004,New York Power Authority,Power generation,other
1005,Nexon America Inc,Video games,video games
1006,NEXT Trucking,Trucking software,software
1007,Nexus Technologies,Other,other
1008,nFolks Ltd,Other,other
1009,Nice,Other,other
1010,Nielsen,Media,other
1011,Nike,ApparelAccessoriesSports equipment,other
1012,Noblis,Other,other
1013,Noetic Strategies Inc.,Other,other
1014,Nokia,Telecommunications equipmentNetworking equipmentMobile phonesConsumer electronics,other
1015,Noodle Partners,Fast Casual,other
1016,Nordstrom,Retail,retail
1017,Norfolk Southern Corp,Transportation,other
1018,Northbay Solutions,Other,other
1019,North Central Texas Council of Governments,Other,other
1020,Northern Light,Enterprise Information Portals,other
1021,Northern Trust Corp.,Financial services,finance
1022,Northrop Grumman,Defense industry,other
1023,Northwestern Mutual,Financial services,finance
1024,NortonLifeLock,Computer software,software
1025,Nova Credit,Other,other
1026,NovaSignal,Healthcare data services,health
1027,Novetta,Other,other
1028,Novu LLC,Other,other
1029,NPO USA,Other,other
1030,NSM Insurance Group,Custom insurance program provider,insurance
1031,NT Concepts,Other,other
1032,NTERSOL,Other,other
1033,nThrive,Health Care Technology,health
1034,NTT Data,"IT services, IT consulting",other
1035,NTT DATA Services,"IT services, IT consulting",other
1036,Nucleusteq,Other,other
1037,Numerator,Other,other
1038,Nuna,Other,other
1039,Nuro,Robotics,other
1040,Nurx,Other,other
1041,Nu Skin,Multilevel marketing company,other
1042,NVIDIA,SemiconductorsArtificial intelligenceVideo gamesConsumer electronicsComputer hardware,video games
1043,NVR,Other,other
1044,Nyansa,Other,other
1045,NYC Careers,Other,other
1046,Nyla Technology Solutions,Other,other
1047,Oak Ridge National Laboratory,Other,other
1048,Oak Street Health,Other,other
1049,Ocient,Other,other
1050,Ocrolus,Other,other
1051,Oden Technologies,Other,other
1052,Odyssey Systems,Other,other
1053,Odyssey Systems Consulting Group,Other,other
1054,OIA Global,Logistics and packing industry,other
1055,OLO,"Internet, Mobile, Restaurants",other
1056,OM1,EntertainmentMotion picture,other
1057,Omicron Media,Internet,other
1058,Omnicell,Other,other
1059,Omnicom Health Group,"Advertising, public relations",other
1060,Omnitech,Other,other
1061,OneGlobe LLC,Other,other
1062,One Model,Other,other
1063,OneWeb Satellites,Other,other
1064,ONG HUMAN CAPITAL,Other,other
1065,Onix Networking Corp,Other,other
1066,onXmaps,Other,other
1067,Onyx CenterSource,Biotechnology,health
1068,OpenText,Computer software,software
1069,Ops Tech Alliance,Other,other
1070,Optimus Technology,Other,other
1071,Options Clearing Corporation,Financial services,finance
1072,Optiv,Other,other
1073,OptTek,Other,other
1074,Oracle,Enterprise softwareCloud computingComputer hardware,software
1075,Orbital Insight,Geospatial analysis,other
1076,Orchard,website,other
1077,OrderGroove,Entertainment,other
1078,Oregon Health & Science University,Other,other
1079,ORock Technologies,Technology infrastructure and cloud services,technology
1080,Oscar Health,Health insurance,insurance
1081,Otus,Other,other
1082,OU Medicine,Other,other
1083,Outdoorsy,Other,other
1084,OUTFRONT media,Outdoor Advertising,other
1085,Outreach,Manufacturing,other
1086,Outsell,Other,other
1087,PacketFabric,Technology,technology
1088,PA Consulting Group,Other,other
1089,PagerDuty,"Information technology, Incident management, Information technology operations",technology
1090,Paige,Other,other
1091,Palantir Technologies,Software,software
1092,Palo Alto Networks,Network securityCybersecurity[1]Cloud Computing[2],other
1093,Panalgo,Other,other
1094,Panasonic,Multinational conglomerate,other
1095,Panjiva,DataTechnologySAAS,technology
1096,Pantheon,Private Equity,other
1097,Paradyme Management,Other,other
1098,Parallel,Virtualization,other
1099,Parchment Inc,Other,other
1100,Pareto Intelligence,Other,other
1101,Parkland Health & Hospital System,Other,other
1102,Parkside,Other,other
1103,Parsable,Other,other
1104,Particle,Other,other
1105,PatientIQ,Other,other
1106,Payability,Financial technology,finance
1107,Payfone,Other,other
1108,Paypal,Financial services,finance
1109,PCI Strategic Management,Finance and Insurance,finance
1110,PDQ.com,Retail,retail
1111,Pearson,Educational products and services,other
1112,Pediatric Associates,Specialized health services,health
1113,Peer Solutions Group,Other,other
1114,PeerStreet,Other,other
1115,Pegasystems,Software,software
1116,Peloton,Exercise equipment,other
1117,PEMCO,Insurance,insurance
1118,PennyMac,Mortgage lending,finance
1119,people*strata,Other,other
1120,People's United Bank,Financial services,finance
1121,PepsiCo,BeveragesFood processing,other
1122,Perficient,Consulting,other
1123,Performance Systems Development,Other,other
1124,Performant Financial Corporation,Other,other
1125,Personal Capital,Finance,finance
1126,Perspecta,Other,other
1127,PestRoutes.com,Pest control,other
1128,Petuum,Other,other
1129,Pfizer,Pharmaceutical,health
1130,PG&E,Public utility,other
1131,Philz Coffee,Coffee Shop,other
1132,Photon,Other,other
1133,Phunware,Other,other
1134,Physicians Mutual,Insurance,insurance
1135,PhysIQ,Other,other
1136,PicnicHealth,Healthcare technology services,health
1137,Ping Identity,IT Software & Services,software
1138,Pinterest,Internet,other
1139,Piping Rock Health Products,Other,other
1140,Pitney Bowes,Business Services,finance
1141,Pivot Bio,Other,other
1142,PlaceIQ,Other,other
1143,Plasma Computing Group,Other,other
1144,PlayQ,Semiconductors,other
1145,Plume,Other,other
1146,Plus3 IT Systems,Consumer electronics,other
1147,Pocket Gems,Other,other
1148,PODS Inc.,Moving & Storage,other
1149,Pollen Inc,Multi-level marketing,other
1150,Porch,Home improvement,other
1151,Power Digital Marketing,Other,other
1152,PPD,Contract research organizationsPharmaceuticalBiotechnology,health
1153,PPG Industries,Chemicals,other
1154,Praxis Engineering,Other,other
1155,PreciseTarget,Other,other
1156,PrecisionHawk,UAV Systems and Aerial Survey,other
1157,Premera Blue Cross,Health Insurance,insurance
1158,Prescient Edge Federal,Other,other
1159,Prescriptive Data,Other,other
1160,Presidio,Other,other
1161,Preting,Other,other
1162,Priceline.com,Online travel agency,other
1163,Principal Financial Group,"Insurance, Financial Services",finance
1164,Prizelogic,Other,other
1165,Proactive MD,Other,other
1166,PROBABLYMONSTERS,Other,other
1167,Probity Inc.,Other,other
1168,Procore Technologies,Construction Software,software
1169,Progressive,Vehicle Insurance,insurance
1170,Progressive Leasing,Furniture,other
1171,Progrexion,Other,other
1172,ProHEALTH Medical Management,Other,other
1173,Project Ronin,Other,other
1174,PROLIM Corporation,Other,other
1175,ProMach,Manufacturing,other
1176,ProSphere,Other,other
1177,Proterra,Automotive,other
1178,ProVantage Corporate Solutions,Retail,retail
1179,Prudential,Financial services,finance
1180,PTC THERAPEUTICS,Pharmaceuticals,health
1181,Publicis Sapient,Consumer Products  Energy & Commodities  Financial Services  Health  Public Sector  Retail  Telecommunications  Media & Technology  Transportation & Mobility  Travel & Hospitality,finance
1182,PubMatic,Online Advertising,other
1183,PulsePoint,Other,other
1184,Punchh,Other,other
1185,Purchasing Power,Other,other
1186,PVH Corp.,Clothing,other
1187,Q2ebanking,Other,other
1188,Qbase,Other,other
1189,QCentrix,Other,other
1190,Qlarion,Other,other
1191,QOMPLX,Other,other
1192,Qualcomm,Telecommunications equipmentSemiconductors,other
1193,Qualtrics,Experience management,other
1194,Quest Analytics,Other,other
1195,Quicken Loans,"Financial technology,[1] mortgage lending[2]",finance
1196,Quickpivot Corporation,Other,other
1197,Quisitive,Other,other
1198,QVC,Other,other
1199,Rackspace,Managed cloud computing,other
1200,Radial,Other,other
1201,Rad Power Bikes,Other,other
1202,Rally Health,Managed health care,health
1203,RAND Corporation,Other,other
1204,Rapid7,Other,other
1205,Rapid Finance,Financial Services,finance
1206,Raytheon,Aerospace and defense,other
1207,RCH Solutions,Other,other
1208,Realogy,Real estate,other
1209,realtor.com,"Real estate database, website",other
1210,RecVue,Other,other
1211,Redfin,Real estate brokerage,other
1212,Red Hat Software,Software,software
1213,Redhorse Corporation,Other,other
1214,Red Violet Inc.,Advertising,other
1215,Regeneron,Pharmaceuticals;  Biotech,health
1216,Regions Bank,Financial services,finance
1217,REI,Food & Beverages,other
1218,Reify Health,Other,other
1219,REI Systems,Other,other
1220,Relativity Space,Aerospace manufacturer,other
1221,ReliaQuest,Other,other
1222,RELX Group,Corporate conglomerate,other
1223,Remitly,Other,other
1224,Renaissance,Finance and Investment Banking,finance
1225,Renewable Energy Systems,Energy,other
1226,Reputation.com,Online reputation management,other
1227,Research Innovations Inc,Conglomerate,other
1228,Resiliency LLC,Other,other
1229,ResMed,Medical,health
1230,Resource Management Concepts,Other,other
1231,Restaurant Brands International,Foodservice,other
1232,REsurety,Other,other
1233,RetailMeNot,Online coupons,other
1234,Retail Solutions,software,software
1235,Retention Science,Other,other
1236,Revance Therapeutics,Other,other
1237,Reverb,Other,other
1238,Rex,Other,other
1239,Reyes Holdings,Food Wholesale and Distribution,other
1240,RGI Corp.,Hospitality,other
1241,Ribbon Health,Other,other
1242,RightBrain Networks LLC,Other,other
1243,Rightpoint,Professional services,other
1244,RingCentral,Cloud computing-based business phone systems,finance
1245,Riot Games,Video games,video games
1246,Ripple,Computer software,software
1247,Rippling,Other,other
1248,RISIRISA,Other,other
1249,Riskonnect Inc,Other,other
1250,Rite Pros,Other,other
1251,Riva Solutions Inc,IT services and management consulting,other
1252,Riverstone Solutions,Other,other
1253,Rivian Automotive,Automotive,other
1254,R&K Solutions,Other,other
1255,Ro,Health,health
1256,Roche,Pharmaceuticals,health
1257,Rocket Homes,"Online retailing, Venture capital",retail
1258,Rockstar Games,Video games,video games
1259,Roseburg Forest Products,Woodâ€“products company,other
1260,Royce Geospatial,Other,other
1261,RunTitle,Other,other
1262,Rx Savings Solutions,Other,other
1263,Ryder,Transportation,other
1264,Saama Technologies Inc,Other,other
1265,Saber Technology Solutions,Other,other
1266,Sada,Other,other
1267,Safelite Group,Automotive glass and insurance claims management,insurance
1268,Sage Bionetworks,Other,other
1269,Saggezza,Other,other
1270,SAIC,Government services and IT support,other
1271,Saildrone,Other,other
1272,Salesforce,Cloud based software services,software
1273,Salient CRGT,IT and defense,other
1274,Samaritan Health Services,Other,other
1275,Samaritan's Purse,Other,other
1276,Samsara,Other,other
1277,Samsung,Multinational conglomerate,other
1278,Sanford Federal,Other,other
1279,SAP,Enterprise software,software
1280,SAS Institute Inc,Software,software
1281,Save-A-Lot,Grocery Retail,retail
1282,Scalable Systems,Other,other
1283,Scientific Research Corporation,Laboratory equipment,other
1284,Scoop Technologies,Other,other
1285,Screen Actors Guild Producers Pension & Health Plans,Other,other
1286,SDH Systems,telecommunications,other
1287,Sealing Technologies,Manufacturing,other
1288,Seated,Automotive,other
1289,Securian Financial Group,Financial services,finance
1290,SecurityScorecard,Information TechnologyInternetIT risk managementCyber InsuranceComputer Security,insurance
1291,securonix,Other,other
1292,Sense Corp,Retail,retail
1293,SENSEI,Other,other
1294,Sentient Energy Inc.,Other,other
1295,Sephora,Consumer goods,other
1296,serry Systems,Other,other
1297,ServiceLink,Telecommunications,other
1298,ServiceNow,Enterprise software,software
1299,ServiceTitan,Lifestyle,other
1300,SFOX,Other,other
1301,Shape Security,Technology,technology
1302,Shell,Other,other
1303,Sherwin-Williams,General building materials,other
1304,SHIELD AI,SemiconductorsArtificial intelligenceVideo gamesConsumer electronicsComputer hardware,video games
1305,Shipt,Retail,retail
1306,Shirley Ryan Ability Lab,Other,other
1307,Shutterfly,Photograph-derived manufacture; photo sharing,other
1308,Sibly Inc,Other,other
1309,Siemens,Multinational conglomerate,other
1310,SIFT,Other,other
1311,Sigma Data Systems,Other,other
1312,Signature Science,BioPharmaceutical Discovery and Development,health
1313,Sila Inc.,Other,other
1314,Silicon Valley Bank,Financial Services,finance
1315,Silvercar,Other,other
1316,SIMON Markets LLC,Financial services,finance
1317,SimplePart,Financial services,finance
1318,Simply Hired,Internet,other
1319,Sinai Health System,Other,other
1320,Sinclair Broadcast Group,Television broadcasting,other
1321,Sincro,Other,other
1322,Sirius Computer Solutions,Business services,finance
1323,SiriusXM,Radio broadcasting,other
1324,Sisu,automotive,other
1325,Skyline Technologies,Financial Technology Software Products,finance
1326,Slack,Other,other
1327,Slalom Consulting,Professional services,other
1328,Slickdeals,Other,other
1329,Slyce,Visual search recognition technology,technology
1330,SmartDrive Systems,"Vehicle Telematics, Driver risk management, Fleet safety, Fleet video recorder, Driver safety programs, Fuel management, Vehicle tracking",other
1331,Smart Pension Ltd,Finance,finance
1332,SmileDirectClub,Teledentistry,other
1333,SmithsDigital Forge,Other,other
1334,SMS Assist,Other,other
1335,Snagajob,Online staffing platform,other
1336,Snapchat,HardwareSocial media,other
1337,Social Solutions,Computer software,software
1338,Softheon,Other,other
1339,Softpro,Software,software
1340,Solana Technologies,Other,other
1341,Solidus Technical Solutions,Other,other
1342,SOLUTE,Other,other
1343,Sonicbids,Other,other
1344,Sonos,Consumer electronics,other
1345,Sony Interactive Entertainment PlayStation,Video games,video games
1346,Soothsayer Analytics,Other,other
1347,Sophia Genetics,Biotechnology,health
1348,SOSi,Other,other
1349,Sound Transit,Other,other
1350,SourcePoint,Business process management,finance
1351,Southern California Edison,Public utilities,other
1352,Southern California Public Radio,Other,other
1353,SpaceCurve,Other,other
1354,Sparks Group,Other,other
1355,Spathe Systems,Other,other
1356,SpawGlass,Other,other
1357,Spectrum,Other,other
1358,SpiderRock Holdings LLC,Other,other
1359,Spin Electric Scooters,Other,other
1360,Spin Systems,Bicycle-sharing and scooter-sharing,other
1361,Splunk,Other,other
1362,Spokeo,Software,software
1363,Spotify,"Music streaming, on-demand media",other
1364,SpotX,Advertising Technology,technology
1365,Spreetail,Other,other
1366,springML,Other,other
1367,Spring Venture Group,Other,other
1368,SpyCloud,"Artificial Intelligence, Cloud Computing",other
1369,Spyglass,Film,other
1370,Squadex,Other,other
1371,Square,Video games,video games
1372,SSM Health,Other,other
1373,Stadium Goods,Retail,retail
1374,Staff Smart,Computer technologyComputer software,software
1375,Stamps.com,Business Services,finance
1376,Stanford University,Other,other
1377,Stanley Black & Decker,Hardware,other
1378,Staples,Retail,retail
1379,Stash,Financial technology,finance
1380,State Auto Insurance Companies,Other,other
1381,State Farm,Insurance,insurance
1382,States Title,Other,other
1383,State Street,Financial services,finance
1384,Steady Platform,Other,other
1385,Steampunk,IT cosulting,other
1386,Stefanini,Other,other
1387,Stellar Peak,Other,other
1388,Steward Health Care,Other,other
1389,Stitch Fix,Retail,retail
1390,StockX,Ecommerce,retail
1391,Strategic Alliance Consulting,Professional services,other
1392,Strategic Financial Solutions,Financial technology,finance
1393,Strategy and Management Services,Other,other
1394,Strike Social,Advertising & Marketing,other
1395,Strive Health,Other,other
1396,Strong Analytics,Other,other
1397,Subaru of America,automotive industryÂ ,other
1398,Subsplash,Other,other
1399,Summersalt,Other,other
1400,Sumo Logic,"Computer software, Security management, Enterprise software",software
1401,Sunstate Equipment Co.,Other,other
1402,Super Micro Computer,Other,other
1403,Supplyframe,Other,other
1404,Survata,Business IntelligenceCustomer ResearchAdvertising ResearchMarket Research,finance
1405,SurveyMonkey,SAAS / Online survey services,other
1406,Susquehanna International Group,Financial ServicesFinancial ServicesBankingGlobal InvestmentTrading,finance
1407,SWIFT,acking Industry in Omaha,other
1408,Swiftly Systems,Other,other
1409,Swift Transportation,Motor transportationOTR trucking,other
1410,Switcher Studio,Other,other
1411,Symbotic,Other,other
1412,Symetra,Insurance,insurance
1413,Symphony Talent,Other,other
1414,Syndigo,Other,other
1415,Sysco Labs,Other,other
1416,Sysdig,Other,other
1417,System One,Digital imaging,other
1418,Systems Implementers Inc,Other,other
1419,TA Digital,Private Equity,other
1420,Tagup,Other,other
1421,Tahzoo,Other,other
1422,Takeda Pharmaceuticals,Pharmaceuticals,health
1423,TakeTwo Interactive Software,Other,other
1424,Tala,Other,other
1425,Talking Rain Beverage Company,Consumer packaged goods,other
1426,Tandem Diabetes Care,Other,other
1427,Tandigm Health LLC,Other,other
1428,Tangent Logic,Other,other
1429,TanPro ITCorp,Other,other
1430,Tantus Technologies,Other,other
1431,Tapad,Technology,technology
1432,Tapestry Inc,"Fashion, accessories",other
1433,TapRecruit,Other,other
1434,Target Corporation,Retail,retail
1435,TaskRabbit,Other,other
1436,TCGplayer,Other,other
1437,TDI (Tetrad Digital Integrity),Other,other
1438,TDS Telecom,Telecommunications,other
1439,Teacher Retirement System of Texas,financial servicesÂ ,finance
1440,Teaching Strategies,Other,other
1441,Tealium,Marketing technology,technology
1442,#TeamGoHealth,Food,other
1443,Teamlog,Other,other
1444,TechFlow,Other,other
1445,Technology Ventures,Other,other
1446,TechStyle Fashion Group,E-commerce,retail
1447,TE Connectivity,Electronics,other
1448,Tego Data,Other,other
1449,Teikametrics,Other,other
1450,Tekla Research,Other,other
1451,teKnoluxion Consulting,Other,other
1452,TekPartners,IT staffing,other
1453,TeleSign,Mobile Identity and Communications,other
1454,TeleTracking Technologies,Location-based service,other
1455,Tellic LLC,Other,other
1456,Tempo Automation,Other,other
1457,tempus,Other,other
1458,Tend,Other,other
1459,TeQbeat,Other,other
1460,Terascope,Other,other
1461,Terazo,Other,other
1462,Tesla,Other,other
1463,TetraScience,Food packaging,other
1464,Texas Mutual Insurance Company,Financial services,finance
1465,Texas Research International,Online sampling and data collection,other
1466,TGS Management Company,Geoscience data,other
1467,The AEgis Technologies Group,Aerospace and defense(Defense and Communications Electronics),other
1468,The Aerospace Corporation,Aerospace,other
1469,The Bail Project,Other,other
1470,The Burgess Group LLC,Defense,other
1471,The Carian Group,Other,other
1472,The Cheesecake Factory,Restaurants,other
1473,The Cincinnati Insurance Companies,Other,other
1474,The Climate Corporation,Agriculture,other
1475,The Farmer's Dog,Other,other
1476,The GOAL Family of Companies,Other,other
1477,The Goal Inc.,Health careBiotechnology,health
1478,The Hartford,InsuranceMutual funds,insurance
1479,The Home Depot,Retailing,retail
1480,The Intersect Group,Other,other
1481,The Jackson Laboratory,Other,other
1482,The Knot Worldwide,Other,other
1483,The Kraft Group,Food processing,other
1484,TheLadders,Other,other
1485,The Loot Company,Subscription box,other
1486,The Motley Fool,Other,other
1487,The New York Times,Newspapers,other
1488,The Penny Hoarder,Other,other
1489,The Perduco Group,Other,other
1490,The Predictive Index,Other,other
1491,The RepTrak Company,Other,other
1492,The RiverStone Group,"Private equity, Energy & Power",other
1493,The Standard,Other,other
1494,Thomson Reuters Special Services,Other,other
1495,ThoughtWorks,Software industry,software
1496,Thresher,Other,other
1497,Thrivent,Other,other
1498,Thumbtack,Other,other
1499,Thusa Solutions,Other,other
1500,TIAA,Other,other
1501,Ticketmaster,Live Entertainment,other
1502,TierPoint,Other,other
1503,Tiger Analytics,Other,other
1504,Time Warner,Mass media  Entertainment,other
1505,Tkacz Engineering,Other,other
1506,TMobile,Telecommunications,other
1507,TMP Worldwide,Advertising,other
1508,Tolfrey Group Inc,Enterprise software services,software
1509,TopBloc,Other,other
1510,Toyota Connected,Cloud based digital intelligence,other
1511,Trace3,Information technology operationsÂ ,technology
1512,TraceLink,Other,other
1513,Tradeweb,Financial services,finance
1514,Transact Campus Inc.,Other,other
1515,TransUnion,Information technology,technology
1516,Travelers Sponsored,Other,other
1517,Traxion Group,Other,other
1518,TRIAEM,Other,other
1519,Trimble,"Geospatial, Construction, Agriculture, Transportation and Logistics, Telecommunications, Asset tracking, Mapping, Utilities, Mobile Resource Management, Government, RFID",other
1520,Trintech,Other,other
1521,TripleLift,Other,other
1522,Tripoint Solutions,Other,other
1523,T. Rowe Price,"Investment management, financial services",finance
1524,TrueCar,Technology,technology
1525,TrueMotion,Video codec technology,technology
1526,Truist Financial,Financial services,finance
1527,Trustmark,Other,other
1528,TSYS,Payment processor,other
1529,TuneIn,Other,other
1530,Turn5,Other,other
1531,Twilio,Communications,other
1532,Twitter,Internet,other
1533,Two Sigma Investments,Hedge fund,other
1534,Two Six Labs,Computer software,software
1535,TwoXar,Other,other
1536,Tyler Technologies,Software,software
1537,Tyson Foods,Poultry industry,other
1538,UCLA Health,Other,other
1539,Uhnder,Other,other
1540,Uline,Industrial supplies wholesalers,other
1541,Undead Labs,Video games,video games
1542,UnibailRodamcoWestfield,Commercial real estate,other
1543,Unilever,Consumer goods,other
1544,Unisys,"IT services, Information technology",technology
1545,United Federal Credit Union,Financial services,finance
1546,UnitedHealth Group,Managed health care,health
1547,United States Cold Storage,Information storage Enterprise information management,other
1548,United Way,Other,other
1549,Unity Technologies,Computer softwareVideo games,software
1550,Universities Space Research Association,Aerospace,other
1551,University Corporation for Atmospheric Research,Other,other
1552,University of Arizona,Other,other
1553,University of Michigan,Other,other
1554,Unizin,Other,other
1555,Unqork,Other,other
1556,Unravel Data,Other,other
1557,Unsupervised,Other,other
1558,Untitled LLC,Other,other
1559,Uplight,Other,other
1560,Uptake,Other,other
1561,U.S. Bank,"Banking, Financial services",finance
1562,US Information Technologies,Consulting (Oracle),other
1563,US Pharmacopeia,Dietary supplements,other
1564,UST Global,IT Services,other
1565,U.S. Xpress Enterprises,Computer software,software
1566,UTC,"Aerospace, defense, electronics, information security",other
1567,Utica Mutual Insurance Company,Insurance,insurance
1568,Vacasa,Travel (lodging),other
1569,Valiant Integrated Services,Other,other
1570,Valley National Bank,Financial services,finance
1571,Vanguard,Investment management,finance
1572,Varen Technologies,Other,other
1573,Vectra,Other,other
1574,Vee Search,Other,other
1575,Veeva Systems,Software,software
1576,Venmo,Other,other
1577,Verana Health,Other,other
1578,Verb Surgical,PharmaceuticalMedical devicesConsumer healthcare,health
1579,Verimatrix,Other,other
1580,Verizon,InternetMediaTechnology,technology
1581,Vertex,"Utilities, call centers",other
1582,Vertical Mass,Other,other
1583,Vertical Trail,Other,other
1584,Vesta Corporation,Other,other
1585,Vettery,Technology,technology
1586,VF Corporation,Apparel and footwear company,other
1587,Viant,internet consulting,other
1588,ViaSat,Communications,other
1589,Vic.ai,Other,other
1590,VideoMining,"Metals, Mining",other
1591,VIDIZMO LLC,Other,other
1592,VidMob,Other,other
1593,VillageMD,Other,other
1594,Vimeo,Other,other
1595,Virtusa,Information technology services,technology
1596,Visa,Financial services,finance
1597,Visiting Nurse Service of New York,Other,other
1598,Vivid Seats,Ticket exchangeTicket resale,other
1599,Vivo,Consumer electronics,other
1600,Vizient,Other,other
1601,Vizio Inc.,Electronics,other
1602,VMD Corp,Other,other
1603,VMware,Computer software,software
1604,Volkswagen Group of America,Automotive,other
1605,Voltaiq,Other,other
1606,VROOM,E-commerce / Car Dealer,retail
1607,VT Group,"Maritime, Aviation, Information Systems and Technology, Manufacturing and Fabrication, IT, Engineering, Infrastructure & Installation, Unmanned, Logistics & Training, Base Operations, Healthcare, Hospitality, Commercial, Government Solutions, Security & Surveillance, DoD",health
1608,Vyaire,Other,other
1609,Vydia,Other,other
1610,Vyopta,Other,other
1611,Walgreens,Retail,retail
1612,Walmart,Other,other
1613,Warby Parker,Retail,retail
1614,Warner Bros Careers,Other,other
1615,Washington Federal,Financial services,finance
1616,WaveSense,Other,other
1617,Waycare,Other,other
1618,Wayfair,E-commerce,retail
1619,Waymo,Autonomous cars,other
1620,Weber Shandwick,Public relations,other
1621,WebPT,Other,other
1622,Webtellect,Other,other
1623,WeedMaps,Cannabis technology,technology
1624,Wellframe,Other,other
1625,Wellmark,Health Insurance,insurance
1626,WellNow Urgent Care,Other,other
1627,Wells Fargo,Investment Banking,finance
1628,WellSky,Healthcare software services,software
1629,wepay,Technology,technology
1630,West Creek Financial,Mining,other
1631,Westinghouse Electric Company,Nuclear power  Nuclear fuel  Radioactive handling  Inspection  Welding,other
1632,WGL,Utilities,other
1633,whiz.ai,Other,other
1634,Wiley,Other,other
1635,William Hill US,Gambling,other
1636,Wind River,Other,other
1637,Wing,Other,other
1638,Wintrust Financial Corporation,Financial services,finance
1639,WisdomTree,Investment Management,finance
1640,Wish,Online shopping,other
1641,Wisk Aero,Other,other
1642,wonderlic,Other,other
1643,Workday,Cloud computingSoftware,software
1644,Worksighted,Other,other
1645,World Fuel,Energy,other
1646,World Wide Technology,Other,other
1647,WSM International,Other,other
1648,W.W. Grainger,Industrial supply distribution,other
1649,WW International (formerly Weight Watchers),Other,other
1650,xentity corporation,Other,other
1651,X-Mode Social,Research and development,other
1652,Xmotors.ai,Automotive,other
1653,Xometry Inc,Other,other
1654,Yotascale,Other,other
1655,YRC Freight,Transportation,other
1656,ZAGG,Consumer Electronics Accessories,other
1657,Zebra Technologies,Computer hardware,other
1658,ZELIS,Other,other
1659,ZeniMax Media Inc.,Video games,video games
1660,Zillow Group,Real estate,other
1661,Zions Bancorporation,Financial Services,finance
1662,Zoll Data Systems,Other,other
1663,ZOLL LifeVest,Other,other
1664,Zoom,Other,other
1665,ZoomInfo Technologies LLC,"sales and marketing, account management, prospecting, demand generation, and data management and custom solutions",other
1666,Zscaler,"Network security, computer security, Internet security",other
1667,Zurich North America,Financial services,finance
1668,Zylotech,Other,other
1669,Zynga,Video games,video games
